Date,ACN,ASGN,BR,BTCM,CACI,CDW,CNDT,CSPI,CTLP,CTSH,DMRC,DTST,DXC,EPAM,EXLS,FI,FIS,FORTY,G,GDS,GIB,GLOB,HCKT,IBM,III,INFY,INOD,IT,JKHY,LDOS,MGIC,PRFT,SAIC,TTEC,UIS,VNET,VYX,WAVD,WIT,WNS,WYY,XRX
2018-01-02,139.8345489501953,63.36000061035156,81.66802978515625,107.5,134.14999389648438,64.94829559326172,16.540000915527344,5.839521408081055,9.75,65.11787414550781,35.5,0.07000000029802322,78.34992218017578,108.4000015258789,12.052000045776367,65.17500305175781,84.05473327636719,39.196075439453125,30.318077087402344,23.020000457763672,54.56999969482422,45.119998931884766,13.841638565063477,109.54768371582031,3.7648730278015137,6.9448957443237305,1.2699999809265137,124.8499984741211,108.14562225341797,57.99699401855469,7.337194919586182,19.399999618530273,69.78961944580078,34.71855163574219,8.350000381469727,8.420000076293945,21.380367279052734,4.199999809265137,5.563961982727051,39.869998931884766,6.800000190734863,21.82731819152832
2018-01-03,140.4799346923828,63.11000061035156,81.59607696533203,114.4000015258789,137.8000030517578,66.84759521484375,16.25,5.4735798835754395,9.699999809265137,65.6685562133789,35.79999923706055,0.07000000029802322,79.83365631103516,109.7699966430664,12.088000297546387,65.70500183105469,84.54814147949219,40.1037712097168,30.40232276916504,23.0,54.16999816894531,44.970001220703125,13.7892427444458,112.55894470214844,3.7740554809570312,6.885209083557129,1.2599999904632568,125.19000244140625,108.2852554321289,57.92449188232422,7.337194919586182,19.3799991607666,69.63661193847656,34.632179260253906,8.350000381469727,9.0,21.521472930908203,4.199999809265137,5.524984359741211,39.400001525878906,6.900000095367432,21.79758644104004
2018-01-04,142.1433563232422,64.19000244140625,82.24365234375,114.4000015258789,136.60000610351562,68.02067565917969,16.270000457763672,5.644871234893799,9.5,66.7057113647461,36.04999923706055,0.10000000149011612,81.75430297851562,110.02999877929688,12.21399974822998,66.62999725341797,85.17610168457031,40.1037712097168,30.81417465209961,23.15999984741211,54.02000045776367,45.36000061035156,13.797972679138184,114.83863830566406,3.8475167751312256,6.842575550079346,1.2200000286102295,127.30000305175781,110.42601776123047,58.721954345703125,7.573334693908691,19.600000381469727,70.15857696533203,34.632179260253906,8.600000381469727,8.970000267028809,20.907974243164062,4.199999809265137,5.505496025085449,39.13999938964844,6.699999809265137,22.065134048461914
2018-01-05,143.31591796875,65.25,83.25101470947266,116.9000015258789,137.14999389648438,67.90894317626953,16.15999984741211,5.5786895751953125,9.600000381469727,67.27474212646484,36.650001525878906,0.07000000029802322,82.94952392578125,110.20999908447266,12.260000228881836,67.29000091552734,85.66050720214844,40.1037712097168,31.094982147216797,24.5,54.66999816894531,45.41999816894531,13.832903861999512,115.39968872070312,3.8383331298828125,6.970474720001221,1.25,129.33999633789062,111.48707580566406,58.65852355957031,7.505865097045898,19.690000534057617,70.18557739257812,34.54581832885742,8.550000190734863,9.15999984741211,21.1656436920166,4.199999809265137,5.417797565460205,39.689998626708984,6.900000095367432,22.228635787963867
2018-01-08,144.46121215820312,67.94000244140625,83.76368713378906,118.5,138.25,68.01136779785156,16.459999084472656,5.866772651672363,9.5,67.3389892578125,37.900001525878906,0.07000000029802322,82.88358306884766,110.69999694824219,12.315999984741211,67.42500305175781,85.87579345703125,40.387996673583984,31.431955337524414,24.65999984741211,54.18000030517578,46.40999984741211,13.885302543640137,116.09571075439453,3.7740554809570312,7.025897026062012,1.2200000286102295,130.30999755859375,111.5243148803711,60.15373611450195,7.421530246734619,19.690000534057617,70.8065185546875,35.10718536376953,8.649999618530273,9.140000343322754,21.766870498657227,4.099999904632568,5.524984359741211,40.689998626708984,6.800000190734863,22.48874855041504
2018-01-09,144.94296264648438,67.01000213623047,83.92559051513672,116.0,137.8000030517578,67.8344497680664,16.280000686645508,5.936846733093262,9.300000190734863,67.42154693603516,37.650001525878906,0.07000000029802322,83.77383422851562,111.0999984741211,12.229999542236328,68.1449966430664,86.15388488769531,41.139827728271484,31.413244247436523,25.190000534057617,53.75,46.79999923706055,13.981365203857422,116.35135650634766,3.7648730278015137,7.136743068695068,1.2300000190734863,128.9499969482422,112.64122772216797,60.02688217163086,7.421530246734619,19.770000457763672,70.59053802490234,34.50263595581055,8.5,8.770000457763672,21.45398712158203,4.5,5.554217338562012,41.099998474121094,6.900000095367432,22.436729431152344
2018-01-10,144.43392944335938,65.94999694824219,83.62879180908203,127.19999694824219,137.6999969482422,67.35032653808594,16.43000030517578,5.936846733093262,9.199999809265137,67.8896484375,37.349998474121094,0.07000000029802322,83.4441146850586,109.66000366210938,12.28600025177002,68.50499725341797,87.2662353515625,39.883724212646484,31.226032257080078,23.969999313354492,53.029998779296875,46.72999954223633,13.920233726501465,116.59994506835938,3.7924206256866455,7.243324279785156,1.2599999904632568,128.16000366210938,113.86053466796875,60.334991455078125,7.455265045166016,19.65999984741211,70.18557739257812,34.71855163574219,8.649999618530273,8.6899995803833,21.45398712158203,4.5,5.661404132843018,40.43000030517578,6.800000190734863,22.555635452270508
2018-01-11,144.6248321533203,66.9000015258789,84.05148315429688,125.30000305175781,141.35000610351562,67.71342468261719,16.709999084472656,5.948525905609131,9.399999618530273,67.92636108398438,38.849998474121094,0.2800000011920929,83.32872009277344,110.4000015258789,12.430000305175781,68.91500091552734,87.71477508544922,41.1031494140625,31.169858932495117,22.329999923706055,53.099998474121094,47.29999923706055,13.885302543640137,116.61415100097656,3.801602840423584,7.362695217132568,1.2599999904632568,129.61000061035156,114.1863021850586,61.11435317993164,7.337194919586182,19.899999618530273,71.15234375,34.54581832885742,9.0,8.890000343322754,22.04907989501953,4.5,5.573705673217773,41.130001068115234,6.900000095367432,23.67784309387207
2018-01-12,145.5337371826172,66.58999633789062,84.58216857910156,125.69999694824219,137.35000610351562,67.85309600830078,16.90999984741211,6.178213119506836,9.399999618530273,68.43114471435547,39.0,0.5799999833106995,83.49357604980469,110.87000274658203,12.407999992370605,68.61000061035156,87.5622787475586,41.1031494140625,31.00138282775879,23.25,53.65999984741211,47.279998779296875,13.85910415649414,115.86133575439453,3.8199684619903564,7.166585922241211,1.2000000476837158,130.1300048828125,114.83782196044922,60.74278259277344,7.548033714294434,19.6200008392334,70.70059967041016,34.80491638183594,8.899999618530273,8.670000076293945,21.993864059448242,4.900000095367432,5.53472900390625,41.099998474121094,6.699999809265137,24.35413932800293
2018-01-16,143.57952880859375,66.36000061035156,84.60914611816406,119.5,137.39999389648438,67.17345428466797,16.790000915527344,6.540263652801514,9.300000190734863,68.5871810913086,37.400001525878906,0.25999999046325684,83.30397033691406,110.19000244140625,12.513999938964844,68.75499725341797,87.16756439208984,40.06709289550781,31.00138282775879,20.200000762939453,54.369998931884766,48.13999938964844,13.797972679138184,116.3655776977539,3.7924206256866455,7.580124855041504,1.2000000476837158,130.0399932861328,115.16361236572266,60.20812225341797,7.4636969566345215,19.3700008392334,70.19462585449219,34.329917907714844,8.899999618530273,8.270000457763672,22.128833770751953,4.699999809265137,5.778334140777588,41.45000076293945,6.400000095367432,24.042003631591797
2018-01-17,145.62469482421875,68.37999725341797,85.60750579833984,119.30000305175781,138.85000610351562,68.41171264648438,16.84000015258789,6.886742115020752,9.350000381469727,69.60591125488281,37.70000076293945,0.3100000023841858,82.93305206298828,112.25,12.696000099182129,69.125,87.55328369140625,39.287757873535156,31.1885929107666,21.510000228881836,54.0099983215332,46.77000045776367,14.173487663269043,119.77449798583984,3.8475167751312256,7.7250752449035645,1.1799999475479126,132.1300048828125,116.15021514892578,60.643089294433594,7.379360675811768,19.75,70.63734436035156,34.89128112792969,9.0,8.420000076293945,22.141103744506836,4.900000095367432,5.729613304138184,42.970001220703125,6.300000190734863,23.722436904907227
2018-01-18,146.2882080078125,67.4000015258789,85.56253814697266,122.5999984741211,137.4499969482422,68.70030975341797,16.860000610351562,6.804989337921143,9.25,70.44113159179688,36.54999923706055,0.25,82.82588958740234,113.11000061035156,12.593999862670898,68.97000122070312,87.4994888305664,40.0212516784668,31.768938064575195,23.989999771118164,54.130001068115234,46.95000076293945,13.928966522216797,120.10830688476562,3.7648730278015137,7.639812469482422,1.2300000190734863,134.0,115.81513977050781,60.10844421386719,7.337194919586182,19.6200008392334,69.46276092529297,34.7617301940918,8.949999809265137,8.470000267028809,22.006135940551758,4.400000095367432,5.622426986694336,45.279998779296875,6.099999904632568,23.313684463500977
2018-01-19,147.02447509765625,68.4000015258789,86.2820816040039,122.69999694824219,139.5,70.02236938476562,16.600000381469727,7.0424628257751465,9.300000190734863,70.93672180175781,37.0,0.2800000011920929,83.23804473876953,113.30000305175781,12.70199966430664,69.05500030517578,88.33375549316406,40.3421516418457,32.19951248168945,26.3700008392334,54.060001373291016,48.27000045776367,14.27828311920166,115.31444549560547,3.8475167751312256,7.669652938842773,1.25,137.35000610351562,116.48528289794922,60.84247589111328,7.2950263023376465,19.81999969482422,70.0409927368164,35.84128952026367,9.0,8.569999694824219,22.509201049804688,4.599999904632568,5.466518402099609,44.08000183105469,6.0,23.633251190185547
2018-01-22,146.7335968017578,68.19000244140625,87.11856079101562,120.0,138.6999969482422,69.83616638183594,16.75,7.194289684295654,9.199999809265137,71.55166625976562,36.150001525878906,0.25,83.83977508544922,112.8499984741211,12.692000389099121,70.09500122070312,88.9796142578125,41.21318054199219,32.283748626708984,26.969999313354492,54.06999969482422,47.619998931884766,13.95516586303711,115.47781372070312,3.856698751449585,7.797553062438965,1.2699999809265137,138.4499969482422,116.64351654052734,60.833404541015625,7.337194919586182,19.790000915527344,69.98680877685547,35.66856002807617,8.899999618530273,8.619999885559082,22.435583114624023,4.5,5.320355415344238,44.619998931884766,6.0,24.25752830505371
2018-01-23,146.2336883544922,68.7699966430664,86.92964935302734,121.5999984741211,139.5,70.38548278808594,16.84000015258789,7.23322057723999,9.199999809265137,71.82701873779297,35.099998474121094,0.2800000011920929,84.03760528564453,114.76000213623047,12.631999969482422,70.19499969482422,88.92579650878906,41.21318054199219,32.180789947509766,26.75,55.189998626708984,48.09000015258789,13.95516586303711,118.07002258300781,3.8291513919830322,7.865764617919922,1.2300000190734863,139.2100067138672,117.27644348144531,60.661216735839844,7.379360675811768,19.850000381469727,70.52889251708984,36.10038375854492,8.949999809265137,8.600000381469727,23.092025756835938,4.699999809265137,5.281378269195557,44.849998474121094,6.099999904632568,24.21294403076172
2018-01-24,145.9792022705078,68.23999786376953,86.50692749023438,122.4000015258789,137.75,69.86409759521484,16.790000915527344,7.209863662719727,8.899999618530273,72.00137329101562,34.04999923706055,0.25999999046325684,83.4111328125,115.52999877929688,12.435999870300293,70.06999969482422,90.20860290527344,40.80059051513672,31.984224319458008,28.520000457763672,55.849998474121094,47.88999938964844,13.797972679138184,117.4450454711914,3.8658814430236816,7.8700270652771,1.2400000095367432,140.19000244140625,116.48528289794922,59.6644172668457,7.2781596183776855,19.729999542236328,69.74285888671875,35.10718536376953,8.800000190734863,8.65999984741211,23.13496971130371,4.699999809265137,5.369076728820801,44.560001373291016,6.0,24.049434661865234
2018-01-25,146.15182495117188,68.88999938964844,86.68682098388672,123.9000015258789,138.9499969482422,70.17134094238281,16.739999771118164,7.2137556076049805,8.569999694824219,71.5425033569336,33.849998474121094,0.25,83.96342468261719,116.19000244140625,12.501999855041504,70.4000015258789,91.05183410644531,39.70034408569336,32.1526985168457,28.549999237060547,55.040000915527344,45.880001068115234,13.946433067321777,117.51605987548828,3.9026122093200684,7.865764617919922,1.2300000190734863,140.1199951171875,116.85760498046875,59.736900329589844,7.71670389175415,19.959999084472656,70.39339447021484,35.27992630004883,8.899999618530273,8.789999961853027,22.877300262451172,4.699999809265137,5.417797565460205,44.650001525878906,6.0,24.064298629760742
2018-01-26,147.7516326904297,70.80000305175781,87.63124084472656,121.69999694824219,141.60000610351562,70.45994567871094,16.75,7.151467800140381,8.399999618530273,71.98301696777344,32.849998474121094,0.20000000298023224,84.49097442626953,119.0199966430664,12.38599967956543,71.29000091552734,92.28980255126953,39.70034408569336,32.536476135253906,27.459999084472656,56.369998931884766,46.75,14.059961318969727,118.84415435791016,3.985255479812622,7.887082099914551,1.2200000286102295,142.13999938964844,117.76974487304688,60.07219314575195,7.590200424194336,20.1200008392334,70.92647552490234,35.45265579223633,8.949999809265137,9.470000267028809,23.245399475097656,4.599999904632568,5.495752334594727,44.5099983215332,6.0,24.39873504638672
2018-01-29,146.51544189453125,70.48999786376953,87.08256530761719,121.0,144.0,70.57169342041016,16.670000076293945,7.198182106018066,8.569999694824219,71.72604370117188,31.899999618530273,0.1599999964237213,82.52912902832031,117.75,12.37399959564209,71.51499938964844,92.11935424804688,39.70034408569336,32.13398742675781,27.399999618530273,56.380001068115234,46.16999816894531,14.025028228759766,118.46065521240234,3.9301605224609375,7.908397674560547,1.1799999475479126,139.6699981689453,117.6580581665039,61.349952697753906,7.615501403808594,19.950000762939453,70.5921630859375,34.9344596862793,9.050000190734863,9.239999771118164,23.35582733154297,4.599999904632568,5.417797565460205,44.279998779296875,6.0,24.40616798400879
2018-01-30,145.16111755371094,68.87999725341797,86.7227783203125,122.69999694824219,140.64999389648438,69.81755065917969,16.579999923706055,7.147575378417969,8.550000190734863,71.36811828613281,31.299999237060547,0.18000000715255737,81.60592651367188,117.4000015258789,12.354000091552734,71.2699966430664,92.09244537353516,40.3421516418457,31.853174209594727,26.760000228881836,56.06999969482422,45.380001068115234,14.103623390197754,116.20223236083984,3.9393422603607178,7.780500888824463,1.159999966621399,139.0399932861328,116.57837677001953,60.42561340332031,7.6745381355285645,19.579999923706055,69.52600860595703,34.37309265136719,8.899999618530273,8.930000305175781,22.907974243164062,3.700000047683716,5.339843273162842,44.529998779296875,5.900000095367432,24.287260055541992
2018-01-31,146.07005310058594,76.56999969482422,86.71381378173828,125.0,140.5500030517578,69.63135528564453,16.399999618530273,6.8127760887146,8.449999809265137,71.57003021240234,30.899999618530273,0.18000000715255737,82.05928039550781,117.4800033569336,12.149999618530273,70.41999816894531,91.82331848144531,39.370269775390625,31.768938064575195,28.540000915527344,57.13999938964844,45.439998626708984,13.981365203857422,116.25904083251953,3.9117956161499023,7.67818021774292,1.159999966621399,138.74000549316406,116.02922058105469,60.35312271118164,7.71670389175415,19.3700008392334,69.25495910644531,34.28672790527344,8.899999618530273,9.109999656677246,23.012269973754883,4.699999809265137,5.365253925323486,44.459999084472656,5.900000095367432,25.364871978759766
2018-02-01,145.8519287109375,76.11000061035156,86.50692749023438,119.69999694824219,150.4499969482422,71.223388671875,16.290000915527344,6.91010046005249,8.300000190734863,71.12947845458984,30.700000762939453,0.1899999976158142,82.00981903076172,115.69999694824219,12.223999977111816,70.05000305175781,91.59905242919922,39.425289154052734,31.993572235107422,30.729999542236328,58.27000045776367,45.22999954223633,13.998831748962402,115.33580017089844,3.9117956161499023,7.644075393676758,1.1100000143051147,138.8300018310547,116.02922058105469,61.57648468017578,7.6745381355285645,19.520000457763672,69.80610656738281,34.41627883911133,8.75,8.949999809265137,23.141103744506836,4.699999809265137,5.384799003601074,44.27000045776367,5.5,24.33928108215332
2018-02-02,142.61599731445312,75.25,85.23873901367188,116.0999984741211,146.8000030517578,70.68341827392578,16.260000228881836,6.154856204986572,8.100000381469727,69.49578094482422,29.549999237060547,0.1599999964237213,81.51524353027344,113.75,12.121999740600586,68.7750015258789,90.43287658691406,38.50841522216797,31.1885929107666,30.09000015258789,57.369998931884766,44.880001068115234,13.885302543640137,112.94242095947266,3.8658814430236816,7.567333698272705,1.1200000047683716,135.19000244140625,114.44691467285156,60.01783752441406,7.505865097045898,19.18000030517578,67.49308013916016,33.81171798706055,8.350000381469727,8.479999542236328,22.073619842529297,4.699999809265137,5.335934638977051,43.279998779296875,5.199999809265137,23.506912231445312
2018-02-05,138.007568359375,72.91000366210938,81.5061264038086,111.9000015258789,142.64999389648438,68.71894073486328,16.0,6.2794318199157715,7.650000095367432,67.26554870605469,28.799999237060547,0.1599999964237213,79.20720672607422,109.33000183105469,11.934000015258789,65.05500030517578,87.19448852539062,36.30793762207031,30.177677154541016,26.979999542236328,56.27000045776367,43.84000015258789,13.448659896850586,108.3261489868164,3.7924206256866455,7.405329704284668,1.1100000143051147,128.25,109.80241394042969,57.208595275878906,7.210690498352051,18.530000686645508,64.74638366699219,32.68898391723633,8.25,8.25,21.012269973754883,4.699999809265137,5.17957067489624,42.0099983215332,4.900000095367432,23.32111930847168
2018-02-06,140.60719299316406,74.19999694824219,81.7309799194336,115.5,143.5500030517578,68.18824768066406,16.100000381469727,5.944633483886719,8.0,67.82542419433594,28.649999618530273,0.1599999964237213,79.08356475830078,111.72000122070312,11.706000328063965,65.375,85.86683654785156,36.49131393432617,30.093429565429688,26.18000030517578,56.25,44.560001373291016,13.66697883605957,110.3218002319336,3.783238172531128,7.447962284088135,1.1100000143051147,124.0199966430664,109.80241394042969,56.15740203857422,7.252859115600586,18.65999984741211,63.12908935546875,31.263965606689453,8.350000381469727,8.180000305175781,21.564416885375977,4.699999809265137,5.208889007568359,41.880001068115234,5.0,22.927227020263672
2018-02-07,141.02532958984375,72.88999938964844,82.42351531982422,115.5,146.0500030517578,63.682098388671875,16.260000228881836,6.131498336791992,8.149999618530273,70.23002624511719,28.600000381469727,0.18000000715255737,79.19895935058594,110.93000030517578,11.755999565124512,64.58499908447266,86.80872344970703,36.0787239074707,30.19639778137207,25.600000381469727,55.650001525878906,44.20000076293945,13.431193351745605,109.26361846923828,3.8291513919830322,7.452226638793945,1.159999966621399,119.44999694824219,109.11363220214844,58.26886749267578,7.210690498352051,18.68000030517578,62.87607955932617,31.134414672851562,8.350000381469727,7.769999980926514,21.110429763793945,4.699999809265137,5.091615676879883,41.349998474121094,5.0,23.172481536865234
2018-02-08,136.80775451660156,70.0999984741211,81.61404418945312,110.69999694824219,142.4499969482422,64.28728485107422,15.680000305175781,6.189892292022705,9.0,68.98182678222656,28.850000381469727,0.17000000178813934,75.76985931396484,106.19000244140625,11.4399995803833,66.5250015258789,83.19357299804688,36.0787239074707,29.43821907043457,24.489999771118164,54.70000076293945,43.189998626708984,13.221604347229004,105.84979248046875,3.7465078830718994,7.294484615325928,1.090000033378601,114.26000213623047,106.45165252685547,56.69205856323242,6.898650646209717,18.5,61.195526123046875,30.52987289428711,8.350000381469727,7.769999980926514,20.55828285217285,4.699999809265137,4.984115123748779,41.529998779296875,5.099999904632568,22.146888732910156
2018-02-09,139.8345489501953,70.04000091552734,82.91820526123047,115.19999694824219,143.9499969482422,64.37106323242188,15.390000343322754,5.8589863777160645,8.899999618530273,70.01895904541016,28.75,0.17000000178813934,79.94906616210938,104.87000274658203,11.484000205993652,68.7300033569336,85.24786376953125,34.290828704833984,29.90622901916504,24.110000610351562,55.09000015258789,42.689998626708984,13.62331771850586,107.22677612304688,3.7924206256866455,7.401066780090332,1.100000023841858,115.48999786376953,107.34519958496094,56.74643325805664,7.12635612487793,18.799999237060547,62.29783630371094,30.875333786010742,9.899999618530273,7.53000020980835,18.74846649169922,4.699999809265137,5.101388931274414,41.790000915527344,5.099999904632568,22.005680084228516
2018-02-12,140.84349060058594,71.94999694824219,84.43826293945312,120.5,149.1999969482422,63.59831237792969,15.59000015258789,5.045346260070801,9.149999618530273,71.06521606445312,29.049999237060547,0.15000000596046448,80.69918060302734,110.02999877929688,11.54800033569336,69.31999969482422,85.35550689697266,33.144752502441406,30.23383331298828,25.610000610351562,55.970001220703125,44.209999084472656,13.728108406066895,108.58228302001953,3.8475167751312256,7.5119123458862305,1.1799999475479126,118.23999786376953,108.2480239868164,58.30509948730469,7.12635612487793,18.729999542236328,63.969356536865234,30.875333786010742,10.25,7.96999979019165,19.46012306213379,4.699999809265137,5.199115753173828,41.81999969482422,5.0,22.25836181640625
2018-02-13,142.5614471435547,72.8499984741211,85.88632202148438,124.0,148.8000030517578,64.585205078125,15.510000228881836,4.951913356781006,8.550000190734863,71.6893310546875,30.149999618530273,0.14000000059604645,80.15514373779297,110.45999908447266,11.63599967956543,69.51499938964844,86.2705078125,32.27372741699219,28.3804931640625,25.690000534057617,57.7599983215332,45.5,13.920233726501465,108.1161117553711,3.8934295177459717,7.443699359893799,1.1399999856948853,118.8499984741211,109.02055358886719,58.558841705322266,6.999853134155273,18.600000381469727,63.90609359741211,31.263965606689453,10.800000190734863,7.869999885559082,19.300613403320312,4.699999809265137,5.238207817077637,41.84000015258789,4.900000095367432,21.678680419921875
2018-02-14,145.24290466308594,74.26000213623047,87.55027770996094,131.5,150.75,65.52552032470703,15.899999618530273,5.088169097900391,8.699999809265137,73.25875091552734,29.75,0.14000000059604645,82.54562377929688,110.7300033569336,11.791999816894531,69.19999694824219,86.11800384521484,32.27372741699219,28.85787010192871,26.479999542236328,57.959999084472656,46.380001068115234,14.007562637329102,110.99202728271484,3.884247303009033,7.490596771240234,1.149999976158142,120.45999908447266,111.02171325683594,59.56472396850586,7.0841875076293945,18.860000610351562,65.1800765991211,31.263965606689453,11.100000381469727,8.09000015258789,20.15337371826172,4.699999809265137,5.355480670928955,42.27000045776367,4.900000095367432,22.139453887939453
2018-02-15,146.3972625732422,75.5,89.04332733154297,155.1999969482422,150.5,66.40068054199219,15.989999771118164,5.0297746658325195,8.75,74.68135833740234,30.299999237060547,0.1599999964237213,83.32872009277344,112.2300033569336,11.954000473022461,70.2249984741211,86.62035369873047,33.34645462036133,29.43821907043457,26.110000610351562,59.0,47.13999938964844,14.295746803283691,111.88851165771484,3.9117956161499023,7.50764799118042,1.190000057220459,117.93000030517578,112.53887176513672,59.88189697265625,7.12635612487793,19.15999984741211,65.44207000732422,31.22079086303711,11.100000381469727,8.149999618530273,20.306747436523438,4.699999809265137,5.423890113830566,42.650001525878906,4.800000190734863,22.667118072509766
2018-02-16,147.85166931152344,75.44999694824219,88.8454360961914,156.39999389648438,150.14999389648438,66.53102111816406,16.020000457763672,4.866268157958984,8.479999542236328,74.2958755493164,31.149999618530273,0.14000000059604645,83.10614776611328,114.94999694824219,12.045999526977539,71.36000061035156,87.75064849853516,33.34645462036133,29.569255828857422,28.079999923706055,58.86000061035156,51.38999938964844,14.225889205932617,112.01045227050781,3.8934295177459717,7.499121189117432,1.1699999570846558,118.04000091552734,113.62784576416016,60.189998626708984,7.12635612487793,19.420000076293945,64.78253936767578,31.868526458740234,11.149999618530273,8.210000038146973,20.01840591430664,4.699999809265137,5.4532084465026855,42.790000915527344,5.0,22.704269409179688
2018-02-20,146.74269104003906,76.2300033569336,88.67454528808594,174.5,149.10000610351562,66.01897430419922,15.989999771118164,4.7066545486450195,8.199999809265137,74.83738708496094,31.549999237060547,0.15000000596046448,82.98250579833984,113.8499984741211,12.003999710083008,70.8550033569336,87.30211639404297,33.832401275634766,29.260364532470703,27.8799991607666,58.650001525878906,52.45000076293945,14.549002647399902,111.27890014648438,3.884247303009033,7.5204386711120605,1.100000023841858,115.97000122070312,112.63194274902344,60.01783752441406,7.0841875076293945,19.59000015258789,64.91804504394531,31.652610778808594,11.699999809265137,8.170000076293945,20.104293823242188,4.699999809265137,5.414117813110352,43.040000915527344,4.800000190734863,23.061004638671875
2018-02-21,145.8519287109375,77.19000244140625,89.16924285888672,180.89999389648438,149.10000610351562,66.22380065917969,17.860000610351562,4.749477386474609,8.100000381469727,75.26061248779297,30.549999237060547,0.14000000059604645,83.15560150146484,113.04000091552734,12.116000175476074,69.8949966430664,87.14961242675781,33.832401275634766,29.44757080078125,27.739999771118164,58.279998779296875,51.630001068115234,16.059791564941406,110.41829681396484,3.92097806930542,7.533228397369385,1.1399999856948853,114.0999984741211,111.16131591796875,59.09349822998047,7.252859115600586,19.700000762939453,65.53244018554688,32.08443069458008,11.550000190734863,8.329999923706055,19.79754638671875,4.699999809265137,5.306616306304932,43.54999923706055,4.800000190734863,22.577932357788086
2018-02-22,145.7246551513672,78.0,89.80784606933594,178.89999389648438,150.3000030517578,66.54032897949219,18.280000686645508,4.940235137939453,7.849999904632568,75.08580780029297,26.549999237060547,0.11999999731779099,83.34520721435547,114.6500015258789,12.178000450134277,71.05500030517578,87.93904876708984,33.832401275634766,29.53181266784668,27.190000534057617,57.790000915527344,51.5,15.998664855957031,109.85887908935547,3.8934295177459717,7.58865213394165,1.1100000143051147,115.54000091552734,111.84077453613281,59.58286666870117,6.999853134155273,19.43000030517578,66.1377944946289,31.609426498413086,11.5,8.029999732971191,19.564416885375977,4.699999809265137,5.335934638977051,45.16999816894531,4.699999809265137,22.46645736694336
2018-02-23,148.11524963378906,78.79000091552734,91.18395233154297,170.3000030517578,151.5500030517578,67.26866149902344,18.729999542236328,4.831230640411377,7.75,75.93225860595703,27.049999237060547,0.12999999523162842,85.7109603881836,116.66000366210938,12.371999740600586,73.09500122070312,89.54476928710938,31.741941452026367,29.94367027282715,27.719999313354492,58.31999969482422,52.220001220703125,16.01612663269043,111.53711700439453,3.9668900966644287,7.656863212585449,1.1200000047683716,116.98999786376953,113.5068359375,59.65533447265625,7.12635612487793,19.579999923706055,65.92095947265625,32.25716018676758,11.449999809265137,7.980000019073486,19.98159408569336,4.699999809265137,5.4043450355529785,45.86000061035156,4.800000190734863,22.942092895507812
2018-02-26,149.7422637939453,78.45999908447266,90.81521606445312,168.39999389648438,153.1999969482422,68.65064239501953,19.030000686645508,4.757263660430908,8.399999618530273,76.33709716796875,26.549999237060547,0.12999999523162842,86.25498962402344,116.29000091552734,12.26200008392334,72.68000030517578,89.63449096679688,34.840946197509766,29.606698989868164,27.020000457763672,58.65999984741211,51.709999084472656,15.885137557983398,113.73170471191406,3.9668900966644287,7.5374908447265625,1.149999976158142,117.95999908447266,113.03213500976562,60.17189025878906,6.957684516906738,19.770000457763672,66.93289184570312,31.609426498413086,11.100000381469727,7.909999847412109,20.269939422607422,4.599999904632568,5.326162338256836,45.439998626708984,4.599999904632568,23.127887725830078
2018-02-27,147.7516326904297,78.8499984741211,90.67127990722656,171.10000610351562,152.0500030517578,68.62263488769531,18.520000457763672,4.836551189422607,8.5,75.91384887695312,25.950000762939453,0.11999999731779099,85.01852416992188,114.61000061035156,11.760000228881836,72.1050033569336,88.30682373046875,34.840946197509766,29.316524505615234,25.90999984741211,58.61000061035156,51.599998474121094,15.928801536560059,112.27579498291016,3.9485251903533936,7.469280242919922,1.1200000047683716,115.93000030517578,111.28231811523438,59.1025505065918,6.662509918212891,19.520000457763672,67.11358642578125,31.78215980529785,11.300000190734863,7.480000019073486,20.31901741027832,4.599999904632568,5.326162338256836,45.27000045776367,4.599999904632568,22.4813232421875
2018-02-28,146.35183715820312,76.69000244140625,90.28453063964844,179.3000030517578,149.0500030517578,68.09972381591797,18.899999618530273,4.654189109802246,8.149999618530273,75.46304321289062,25.899999618530273,0.11999999731779099,84.5239486694336,113.12000274658203,11.404000282287598,71.69499969482422,87.17654418945312,34.840946197509766,29.36332893371582,26.200000762939453,58.34000015258789,52.08000183105469,15.745412826538086,111.75940704345703,3.87506365776062,7.528965473175049,1.159999966621399,113.41000366210938,109.5177001953125,57.37171936035156,6.620341777801514,19.469999313354492,65.40595245361328,30.788963317871094,11.199999809265137,7.630000114440918,20.245399475097656,3.9000000953674316,5.384799003601074,45.0,4.599999904632568,22.53333854675293
2018-03-01,141.93429565429688,76.9800033569336,89.48403930664062,191.8000030517578,149.60000610351562,67.30602264404297,18.420000076293945,4.761228084564209,8.050000190734863,74.20256805419922,26.299999237060547,0.11999999731779099,83.19683074951172,112.73999786376953,11.128000259399414,70.93499755859375,86.08210754394531,34.840946197509766,29.29780387878418,24.860000610351562,57.38999938964844,52.189998626708984,15.605682373046875,110.31071472167969,3.87506365776062,7.460752487182617,1.1200000047683716,113.7699966430664,109.87248992919922,57.77949523925781,6.704678058624268,20.40999984741211,65.30654907226562,30.875333786010742,11.199999809265137,7.699999809265137,20.226993560791016,4.699999809265137,5.287071704864502,44.61000061035156,4.599999904632568,22.704269409179688
2018-03-02,143.1614227294922,78.37999725341797,92.04741668701172,183.6999969482422,150.35000610351562,68.29583740234375,18.799999237060547,4.7969069480896,8.5,74.78218078613281,26.700000762939453,0.12999999523162842,83.33695220947266,115.97000122070312,11.366000175476074,71.98999786376953,86.92536926269531,32.18204116821289,29.65349769592285,23.940000534057617,58.029998779296875,52.130001068115234,15.946268081665039,110.79839324951172,3.8658814430236816,7.567333698272705,1.1699999570846558,116.6500015258789,111.1889419555664,58.90319061279297,6.831181526184082,22.020000457763672,67.20396423339844,31.609426498413086,11.25,7.929999828338623,20.656442642211914,4.699999809265137,5.306616306304932,44.9900016784668,4.699999809265137,22.340112686157227
2018-03-05,144.3885040283203,78.19000244140625,92.92884826660156,182.3000030517578,153.0,69.0428466796875,19.399999618530273,4.864301681518555,8.850000381469727,75.69303894042969,27.649999618530273,0.11999999731779099,84.07881927490234,116.30000305175781,11.442000389099121,72.46499633789062,89.33846282958984,32.18204116821289,29.5224552154541,24.600000381469727,58.38999938964844,52.310001373291016,15.693013191223145,112.56268310546875,3.9026122093200684,7.673916339874268,1.100000023841858,119.37999725341797,112.98158264160156,59.74595260620117,6.873348712921143,22.6299991607666,68.20683288574219,31.263965606689453,11.800000190734863,7.800000190734863,21.226993560791016,4.699999809265137,5.365253925323486,44.84000015258789,5.0,22.511051177978516
2018-03-06,143.64312744140625,80.0,94.93457794189453,199.5,153.3000030517578,69.20159149169922,19.56999969482422,4.777085304260254,8.949999809265137,76.42908477783203,28.200000762939453,0.11999999731779099,83.95519256591797,115.36000061035156,11.508000373840332,72.11000061035156,88.54904174804688,32.18204116821289,29.625417709350586,24.1299991607666,58.63999938964844,52.040000915527344,15.719210624694824,111.68053436279297,3.9393422603607178,7.669652938842773,1.090000033378601,120.95999908447266,113.81251525878906,59.99063491821289,6.915517330169678,23.18000030517578,68.94773864746094,31.738977432250977,11.300000190734863,7.809999942779541,21.44171714782715,4.699999809265137,5.365253925323486,45.060001373291016,5.099999904632568,22.325244903564453
2018-03-07,144.11582946777344,82.25,95.40227508544922,194.3000030517578,153.3000030517578,69.64042663574219,19.3700008392334,4.75726318359375,9.0,76.59468841552734,28.100000381469727,0.11999999731779099,84.40855407714844,116.66000366210938,11.616000175476074,72.52999877929688,88.42344665527344,32.8238410949707,29.44757080078125,25.459999084472656,58.93000030517578,52.97999954223633,15.937533378601074,113.54521179199219,4.113812446594238,7.627020835876465,1.100000023841858,122.95999908447266,114.1019515991211,60.38936233520508,6.848048686981201,23.579999923706055,68.51405334472656,32.47306823730469,11.399999618530273,7.909999847412109,21.361963272094727,4.699999809265137,5.355480670928955,45.689998626708984,5.300000190734863,22.16918182373047
2018-03-08,144.07032775878906,82.13999938964844,96.04086303710938,193.3000030517578,154.0,68.29583740234375,19.540000915527344,4.911874771118164,9.0,76.56709289550781,28.0,0.11999999731779099,85.04325866699219,118.77999877929688,11.59000015258789,73.05000305175781,89.06037139892578,32.8238410949707,29.780658721923828,27.8799991607666,59.040000915527344,53.369998931884766,15.850199699401855,112.03197479248047,3.957707643508911,7.68670654296875,1.100000023841858,120.55000305175781,114.27001190185547,61.54024887084961,6.915517330169678,23.760000228881836,68.85739135742188,31.868526458740234,11.350000381469727,7.900000095367432,21.466257095336914,4.599999904632568,5.326162338256836,45.84000015258789,5.099999904632568,22.16918182373047
2018-03-09,146.80630493164062,84.9000015258789,97.45295715332031,203.8000030517578,156.0,69.45368957519531,19.489999771118164,4.943589687347412,9.300000190734863,77.93798065185547,29.200000762939453,0.11999999731779099,87.96952819824219,122.5199966430664,11.791999816894531,74.11499786376953,90.39700317382812,32.8238410949707,30.287322998046875,29.479999542236328,59.630001068115234,54.040000915527344,16.033594131469727,114.25527954101562,3.985255479812622,7.742129325866699,1.1100000143051147,122.80999755859375,115.70785522460938,62.908607482910156,7.210690498352051,23.90999984741211,71.42338562011719,31.78215980529785,11.300000190734863,8.270000457763672,21.785276412963867,4.599999904632568,5.335934638977051,45.4900016784668,5.199999809265137,22.236066818237305
2018-03-12,146.96990966796875,82.48999786376953,97.65084838867188,199.89999389648438,153.5,70.3314208984375,19.6200008392334,4.9832329750061035,9.600000381469727,77.34915161132812,29.149999618530273,0.10999999940395355,87.44197845458984,124.9000015258789,11.869999885559082,73.81999969482422,90.80963134765625,34.840946197509766,30.296709060668945,28.75,59.31999969482422,54.439998626708984,15.797808647155762,114.93656158447266,4.02198600769043,7.8487114906311035,1.1299999952316284,124.08000183105469,115.22235107421875,62.83609390258789,7.150744915008545,24.1200008392334,70.98067474365234,32.64580154418945,11.399999618530273,8.279999732971191,21.901840209960938,4.599999904632568,5.638891220092773,45.790000915527344,5.199999809265137,22.065134048461914
2018-03-13,147.69711303710938,83.41999816894531,97.4709701538086,199.60000610351562,154.10000610351562,70.63957977294922,19.68000030517578,4.892054080963135,9.5,77.09153747558594,28.950000762939453,0.10999999940395355,87.40901184082031,121.79000091552734,11.944000244140625,73.75,90.07405853271484,34.840946197509766,30.27794075012207,28.790000915527344,58.66999816894531,53.5,15.771605491638184,114.26242065429688,3.9944376945495605,7.840185165405273,1.1699999570846558,124.33000183105469,115.82918548583984,62.79987716674805,7.36483907699585,23.93000030517578,69.995849609375,30.22759437561035,11.350000381469727,8.210000038146973,21.730060577392578,4.599999904632568,5.6486639976501465,45.86000061035156,5.400000095367432,23.29138946533203
2018-03-14,146.3427734375,82.75,97.29499053955078,199.0,154.5500030517578,70.43415069580078,19.610000610351562,4.888089179992676,9.649999618530273,76.94430541992188,28.950000762939453,0.10999999940395355,86.00768280029297,121.83000183105469,11.814000129699707,73.79499816894531,89.99330139160156,33.00721740722656,29.91201400756836,26.170000076293945,58.7400016784668,53.04999923706055,15.579484939575195,113.4017562866211,4.012802600860596,7.835922718048096,1.190000057220459,123.20999908447266,116.71619415283203,62.39018630981445,7.193563938140869,23.75,69.79706573486328,30.054868698120117,11.350000381469727,8.050000190734863,21.45398712158203,4.599999904632568,5.502072334289551,46.25,5.5,22.8529109954834
2018-03-15,148.03341674804688,83.37999725341797,96.6722640991211,204.39999389648438,154.14999389648438,69.6871337890625,19.6299991607666,4.7969069480896,9.600000381469727,78.04839324951172,28.25,0.11999999731779099,86.09013366699219,121.75,11.868000030517578,73.83499908447266,90.08330535888672,33.00721740722656,30.005842208862305,27.440000534057617,58.75,53.130001068115234,15.553284645080566,114.47039794921875,3.9026122093200684,7.801814079284668,1.190000057220459,123.1500015258789,116.71619415283203,61.925872802734375,7.236382007598877,23.6200008392334,69.91451263427734,28.67302703857422,11.199999809265137,8.029999732971191,21.245399475097656,4.599999904632568,5.521617889404297,45.91999816894531,5.599999904632568,23.075864791870117
2018-03-16,146.24276733398438,85.1500015258789,96.81666564941406,200.1999969482422,157.4499969482422,70.80767059326172,19.790000915527344,4.598688125610352,9.800000190734863,77.83675384521484,28.399999618530273,0.10999999940395355,86.14781951904297,119.06999969482422,11.82800006866455,74.22000122070312,90.56927490234375,33.00721740722656,30.587570190429688,27.299999237060547,58.2599983215332,53.290000915527344,15.439757347106934,114.93656158447266,3.8934295177459717,7.801814079284668,1.1799999475479126,124.0199966430664,116.94027709960938,61.6436653137207,7.193563938140869,23.709999084472656,70.05907440185547,28.62984848022461,11.350000381469727,7.840000152587891,21.349693298339844,4.599999904632568,5.443436145782471,46.54999923706055,5.5,23.113025665283203
2018-03-19,145.99732971191406,83.37000274658203,96.49177551269531,197.10000610351562,145.60000610351562,69.0802001953125,19.84000015258789,4.618509769439697,9.550000190734863,77.10992431640625,27.799999237060547,0.10999999940395355,87.16996765136719,119.0999984741211,11.644000053405762,73.62000274658203,90.03829956054688,33.00721740722656,30.503128051757812,26.84000015258789,58.150001525878906,52.02000045776367,15.317495346069336,112.84954833984375,3.8658814430236816,7.665390491485596,1.190000057220459,123.4000015258789,116.61347198486328,61.13383102416992,7.065107345581055,23.8700008392334,69.3633804321289,28.15484619140625,11.149999618530273,8.050000190734863,20.53987693786621,4.599999904632568,5.169797897338867,46.43000030517578,5.699999809265137,22.436729431152344
2018-03-20,148.0516357421875,84.30999755859375,98.27867126464844,185.3000030517578,151.64999389648438,70.22872924804688,19.90999984741211,4.7969069480896,9.699999809265137,77.56995391845703,26.950000762939453,0.10999999940395355,88.45587921142578,119.1500015258789,11.65999984741211,73.45999908447266,90.82125854492188,31.631921768188477,30.48436164855957,28.350000381469727,58.20000076293945,53.630001068115234,15.20396900177002,112.0247802734375,3.783238172531128,7.763445854187012,1.1699999570846558,124.16999816894531,117.0429458618164,61.525299072265625,7.022288799285889,23.739999771118164,69.78804779052734,28.025297164916992,11.350000381469727,7.849999904632568,20.233129501342773,4.599999904632568,5.091615676879883,47.02000045776367,5.900000095367432,22.90492820739746
2018-03-21,147.2789764404297,85.52999877929688,98.12523651123047,184.10000610351562,150.5500030517578,69.83653259277344,20.010000228881836,4.7850141525268555,9.699999809265137,76.68669891357422,26.25,0.10999999940395355,87.68926239013672,120.80999755859375,11.67199993133545,73.16999816894531,90.51527404785156,32.96137237548828,30.240406036376953,29.209999084472656,58.34000015258789,53.52000045776367,15.1166410446167,112.37621307373047,3.7465078830718994,7.690969944000244,1.1699999570846558,122.8499984741211,117.01494598388672,61.49799346923828,7.022288799285889,23.559999465942383,69.84224700927734,28.068479537963867,11.449999809265137,7.869999885559082,20.386503219604492,4.599999904632568,5.081842422485352,48.130001068115234,6.0,22.934659957885742
2018-03-22,136.55325317382812,82.11000061035156,95.95932006835938,181.1999969482422,147.85000610351562,68.39852905273438,19.3700008392334,4.559043884277344,9.5,74.4969711303711,25.850000381469727,0.12999999523162842,84.93610382080078,116.75,11.40999984741211,71.33999633789062,87.76146697998047,32.96137237548828,29.564855575561523,27.549999237060547,57.150001525878906,51.790000915527344,14.898317337036133,109.07713317871094,3.7465078830718994,7.541755199432373,1.159999966621399,119.41999816894531,114.3633804321289,60.068660736083984,6.893832206726074,23.06999969482422,68.38758850097656,27.636659622192383,10.899999618530273,7.889999866485596,19.294479370117188,4.599999904632568,4.95479679107666,47.099998474121094,5.900000095367432,22.146888732910156
2018-03-23,133.93545532226562,79.27999877929688,94.47928619384766,172.10000610351562,146.75,65.27974700927734,19.06999969482422,4.7969069480896,9.149999618530273,72.92367553710938,25.450000762939453,0.11999999731779099,83.58424377441406,112.62000274658203,11.09000015258789,70.01000213623047,85.3676528930664,32.96137237548828,29.095720291137695,26.209999084472656,56.97999954223633,50.689998626708984,14.348146438598633,106.78215026855469,3.6638641357421875,7.558807849884033,1.1399999856948853,117.69000244140625,111.29165649414062,59.19466018676758,6.851012229919434,22.790000915527344,66.71604919433594,27.593477249145508,10.399999618530273,7.690000057220459,18.570552825927734,4.599999904632568,5.042751789093018,45.9900016784668,5.800000190734863,21.403697967529297
2018-03-26,138.93470764160156,82.02999877929688,97.46646881103516,178.0,148.10000610351562,66.83915710449219,19.329999923706055,4.7374420166015625,9.300000190734863,75.10420227050781,26.350000381469727,0.11999999731779099,85.677978515625,117.2300033569336,11.331999778747559,71.27999877929688,86.5375747680664,32.36540985107422,29.855722427368164,27.700000762939453,57.84000015258789,52.29999923706055,14.592665672302246,109.99516296386719,3.6363162994384766,7.661126136779785,1.0700000524520874,119.55000305175781,112.86018371582031,59.75,6.936651229858398,23.110000610351562,67.9267807006836,27.204835891723633,10.850000381469727,7.440000057220459,18.803680419921875,4.599999904632568,5.101388931274414,46.61000061035156,5.199999809265137,21.849611282348633
2018-03-27,135.3079833984375,80.05000305175781,96.87081909179688,169.8000030517578,148.9499969482422,65.55987548828125,18.739999771118164,4.773121356964111,9.25,73.67811584472656,25.0,0.09000000357627869,84.19990539550781,113.30999755859375,11.015999794006348,70.27999877929688,85.20565032958984,32.36540985107422,29.508563995361328,26.25,56.81999969482422,51.630001068115234,14.470403671264648,108.94804382324219,3.728142261505127,7.5545430183410645,1.0399999618530273,117.61000061035156,111.77716064453125,58.72123718261719,7.022288799285889,22.6299991607666,66.70702362060547,27.463924407958984,10.449999809265137,6.989999771118164,18.938650131225586,4.5,5.003661155700684,45.11000061035156,5.400000095367432,21.552331924438477
2018-03-28,133.98997497558594,81.29000091552734,96.69031524658203,175.60000610351562,148.89999389648438,65.29842376708984,18.770000457763672,4.404432773590088,9.050000190734863,73.30089569091797,24.75,0.09000000357627869,83.06865692138672,111.52999877929688,11.050000190734863,70.73999786376953,85.7816390991211,32.36540985107422,29.639915466308594,25.8700008392334,56.70000076293945,50.75,14.426743507385254,109.38555145263672,3.7465078830718994,7.541755199432373,1.0800000429153442,116.80999755859375,111.60910034179688,58.50273895263672,6.97946834564209,22.530000686645508,66.20104217529297,26.784515380859375,10.5,6.880000114440918,18.95092010498047,4.5,5.003661155700684,45.04999923706055,5.5,21.627302169799805
2018-03-29,139.5255584716797,81.87999725341797,98.99162292480469,171.60000610351562,151.35000610351562,65.65325164794922,18.639999389648438,4.261714935302734,9.0,74.06454467773438,23.950000762939453,0.09000000357627869,83.0108413696289,114.5199966430664,11.154000282287598,71.30999755859375,86.66356658935547,33.190589904785156,30.01522445678711,27.450000762939453,57.63999938964844,51.540000915527344,14.025028228759766,110.0381851196289,3.8383331298828125,7.6099677085876465,1.149999976158142,117.62000274658203,112.9255599975586,59.540611267089844,7.279202461242676,22.920000076293945,71.19754028320312,26.740966796875,10.75,6.929999828338623,19.33742332458496,4.599999904632568,5.042751789093018,45.33000183105469,5.800000190734863,21.574827194213867
2018-04-02,134.5081024169922,82.5199966430664,97.02424621582031,168.39999389648438,148.9499969482422,64.2806167602539,18.350000381469727,4.261714935302734,8.550000190734863,72.87765502929688,23.399999618530273,0.07999999821186066,82.14385223388672,112.19999694824219,11.0,70.54000091552734,85.23267364501953,33.190589904785156,29.555469512939453,26.1200008392334,57.099998474121094,49.939998626708984,13.588384628295898,107.62841796875,3.8199684619903564,7.48206901550293,1.1100000143051147,116.05999755859375,111.4410400390625,59.06719970703125,6.936651229858398,22.329999923706055,72.37210845947266,26.523208618164062,10.199999809265137,6.75,18.895706176757812,4.5,5.091615676879883,44.72999954223633,5.5,21.035078048706055
2018-04-03,135.24432373046875,82.44000244140625,97.45740509033203,165.0,151.39999389648438,64.64479064941406,18.399999618530273,4.420290470123291,8.449999809265137,73.6505126953125,23.149999618530273,0.10000000149011612,82.68057250976562,112.73999786376953,11.232000350952148,70.97000122070312,85.49366760253906,31.631921768188477,29.855722427368164,25.950000762939453,58.16999816894531,48.83000183105469,14.094891548156738,107.47061920166016,3.884247303009033,7.5374908447265625,1.1200000047683716,116.79000091552734,111.7491455078125,59.49509048461914,6.953778266906738,22.920000076293945,74.71223449707031,26.915170669555664,10.399999618530273,6.690000057220459,19.08588981628418,4.5,5.101388931274414,44.93000030517578,5.599999904632568,20.930130004882812
2018-04-04,136.31692504882812,82.44000244140625,97.9898910522461,169.0,152.75,64.97159576416016,18.700000762939453,4.570937633514404,8.699999809265137,74.26697540283203,24.450000762939453,0.09000000357627869,83.77879333496094,113.20999908447266,11.289999961853027,71.12999725341797,86.3935775756836,31.631921768188477,29.771268844604492,25.540000915527344,58.290000915527344,48.18000030517578,14.033761024475098,110.53303527832031,3.9026122093200684,7.601440906524658,1.1299999952316284,117.97000122070312,112.2719955444336,59.8774528503418,6.936651229858398,22.709999084472656,75.27240753173828,26.784515380859375,10.600000381469727,6.630000114440918,19.226993560791016,4.699999809265137,5.120933532714844,45.060001373291016,5.800000190734863,21.222492218017578
2018-04-05,137.77125549316406,83.66000366210938,98.37793731689453,172.39999389648438,154.9499969482422,65.10234069824219,18.760000228881836,4.586794853210449,8.550000190734863,74.45095825195312,25.450000762939453,0.3400000035762787,84.33202362060547,113.69000244140625,11.32800006866455,71.23999786376953,87.70747375488281,31.631921768188477,30.221641540527344,25.780000686645508,57.900001525878906,48.349998474121094,14.225889205932617,110.46849060058594,3.856698751449585,7.618494510650635,1.149999976158142,118.76000213623047,112.4027099609375,60.52384948730469,6.97946834564209,23.31999969482422,77.07945251464844,26.915170669555664,10.600000381469727,6.659999847412109,19.196319580078125,4.400000095367432,5.111161231994629,46.400001525878906,5.599999904632568,21.20000457763672
2018-04-06,133.9626922607422,81.0,96.15789031982422,169.0,151.39999389648438,63.44955062866211,18.600000381469727,4.590760231018066,8.399999618530273,72.74885559082031,25.049999237060547,0.3799999952316284,82.37504577636719,111.01000213623047,11.043999671936035,69.83999633789062,85.97062683105469,31.631921768188477,29.405351638793945,24.969999313354492,57.38999938964844,47.7599983215332,13.876570701599121,107.98700714111328,3.8475167751312256,7.456489086151123,1.1399999856948853,116.29000091552734,110.52606201171875,59.04899215698242,6.936651229858398,22.8799991607666,74.07071685791016,26.305444717407227,10.399999618530273,6.300000190734863,18.840490341186523,4.400000095367432,5.062297344207764,45.7599983215332,5.699999809265137,20.975107192993164
2018-04-09,134.75355529785156,81.91999816894531,96.4646987915039,171.1999969482422,151.60000610351562,63.91642761230469,18.600000381469727,4.388575077056885,8.399999618530273,72.60164642333984,25.049999237060547,0.25999999046325684,82.60623931884766,110.55999755859375,11.020000457763672,70.12999725341797,86.3935775756836,33.291446685791016,29.43349838256836,25.760000228881836,57.970001220703125,45.91999816894531,13.815442085266113,109.50746154785156,3.8199684619903564,7.358434200286865,1.1399999856948853,116.2699966430664,110.62874603271484,58.97615432739258,6.97946834564209,23.040000915527344,73.54667663574219,27.04582977294922,10.399999618530273,6.239999771118164,18.656442642211914,4.5,5.140480041503906,46.279998779296875,5.900000095367432,20.637765884399414
2018-04-10,138.20753479003906,84.18000030517578,97.60181427001953,180.10000610351562,154.35000610351562,65.47586059570312,19.0,4.535257816314697,8.800000190734863,73.97254180908203,26.149999618530273,0.23000000417232513,84.66232299804688,111.62000274658203,11.121999740600586,71.12999725341797,87.14053344726562,33.291446685791016,29.771268844604492,25.030000686645508,58.34000015258789,45.75,14.016295433044434,111.4438705444336,3.856698751449585,7.384012222290039,1.1299999952316284,117.30999755859375,112.55208587646484,59.93207931518555,7.150744915008545,23.280000686645508,73.59184265136719,27.524904251098633,10.649999618530273,6.699999809265137,19.527606964111328,4.5,5.160025119781494,46.04999923706055,5.800000190734863,21.22999382019043
2018-04-11,136.08013916015625,82.36000061035156,96.77154541015625,180.5,153.6999969482422,65.2050552368164,18.979999542236328,4.519399642944336,8.899999618530273,73.54012298583984,26.200000762939453,0.2199999988079071,84.62103271484375,112.63999938964844,11.069999694824219,70.8499984741211,86.69955444335938,33.291446685791016,29.705595016479492,24.8700008392334,58.119998931884766,44.790000915527344,14.112356185913086,111.42236328125,3.856698751449585,7.39680290222168,1.1100000143051147,116.31999969482422,112.2346420288086,59.23107147216797,6.936651229858398,23.389999389648438,73.40210723876953,27.176481246948242,10.649999618530273,6.599999904632568,19.37423324584961,4.5,5.199115753173828,45.5,5.599999904632568,21.177515029907227
2018-04-12,137.62985229492188,83.69000244140625,96.7444839477539,174.60000610351562,154.8000030517578,65.42913055419922,19.110000610351562,4.638332366943359,8.850000381469727,75.03060913085938,26.450000762939453,0.1899999976158142,85.87614440917969,113.94000244140625,11.343999862670898,70.9800033569336,87.00552368164062,33.291446685791016,29.930782318115234,25.6299991607666,58.2599983215332,45.18000030517578,14.287014961242676,113.36590576171875,3.856698751449585,7.67818021774292,1.1100000143051147,116.63999938964844,112.16929626464844,59.80463790893555,6.97946834564209,23.56999969482422,74.3363037109375,27.089380264282227,10.850000381469727,6.409999847412109,19.294479370117188,4.199999809265137,5.228435039520264,45.83000183105469,5.800000190734863,21.162521362304688
2018-04-13,137.6665496826172,83.23999786376953,96.59105682373047,173.3000030517578,154.0,64.98095703125,19.100000381469727,4.574902057647705,8.699999809265137,74.35896301269531,26.399999618530273,0.20000000298023224,85.11646270751953,112.68000030517578,11.34000015258789,70.9000015258789,86.60057830810547,33.291446685791016,29.846332550048828,25.729999542236328,57.70000076293945,44.77000045776367,14.077425956726074,112.39056396484375,3.801602840423584,7.08558464050293,1.090000033378601,115.05999755859375,111.59040832519531,59.3858528137207,6.97946834564209,23.579999923706055,74.6990966796875,27.176481246948242,10.699999809265137,6.320000171661377,19.110429763793945,4.199999809265137,5.062297344207764,45.65999984741211,5.900000095367432,21.117544174194336
2018-04-16,138.84939575195312,84.5199966430664,99.00965881347656,181.60000610351562,155.39999389648438,65.97074890136719,19.420000076293945,4.574902057647705,8.75,75.23301696777344,26.299999237060547,0.18000000715255737,85.88440704345703,114.51000213623047,11.555999755859375,71.58999633789062,87.55450439453125,33.291446685791016,30.17473602294922,26.149999618530273,57.97999954223633,44.650001525878906,14.243350982666016,113.23680114746094,3.8291513919830322,7.243324279785156,1.100000023841858,116.69000244140625,113.25234985351562,60.01401901245117,6.936651229858398,23.860000610351562,75.50631713867188,27.699113845825195,10.850000381469727,6.409999847412109,19.35582733154297,4.199999809265137,5.169797897338867,45.83000183105469,5.800000190734863,21.784727096557617
2018-04-17,141.4353485107422,85.4000015258789,101.18461608886719,174.1999969482422,157.4499969482422,66.72709655761719,19.549999237060547,4.400468826293945,9.149999618530273,75.61944580078125,27.549999237060547,0.18000000715255737,86.13212585449219,118.2300033569336,11.753999710083008,72.29000091552734,87.84246826171875,33.7407112121582,30.306081771850586,27.09000015258789,58.63999938964844,45.36000061035156,14.409276008605957,115.4027328491211,3.856698751449585,7.175112247467041,1.0700000524520874,117.83999633789062,114.35403442382812,60.84251403808594,6.97946834564209,24.06999969482422,76.29540252685547,27.96042251586914,11.050000190734863,6.53000020980835,19.398773193359375,4.199999809265137,5.208889007568359,46.27000045776367,6.099999904632568,22.47439956665039
2018-04-18,142.60903930664062,85.43000030517578,100.80557250976562,178.3000030517578,159.25,67.33405303955078,19.75,4.360826015472412,9.449999809265137,76.08866119384766,28.350000381469727,0.1899999976158142,86.28076171875,117.97000122070312,11.947999954223633,72.12000274658203,87.77046966552734,33.7407112121582,30.60633659362793,27.920000076293945,58.52000045776367,44.779998779296875,14.487874031066895,106.71043395996094,3.87506365776062,7.217746257781982,1.1200000047683716,118.13999938964844,114.91423797607422,61.17026138305664,7.022288799285889,24.15999984741211,77.97331237792969,28.395938873291016,11.399999618530273,6.449999809265137,19.650306701660156,4.199999809265137,5.111161231994629,47.15999984741211,6.099999904632568,22.69179916381836
2018-04-19,141.7562713623047,85.36000061035156,100.13775634765625,180.6999969482422,158.85000610351562,67.72623443603516,19.549999237060547,4.3647894859313965,9.25,75.78504943847656,28.399999618530273,0.17000000178813934,85.92570495605469,119.18000030517578,11.911999702453613,71.75,87.34752655029297,33.7407112121582,30.371767044067383,27.950000762939453,57.91999816894531,44.880001068115234,14.601397514343262,105.9286880493164,3.884247303009033,7.320065021514893,1.149999976158142,118.87999725341797,114.16729736328125,60.79698181152344,7.107926368713379,24.06999969482422,77.8372802734375,28.00397491455078,11.350000381469727,6.159999847412109,19.650306701660156,4.199999809265137,5.140480041503906,47.310001373291016,6.099999904632568,22.736780166625977
2018-04-20,139.75726318359375,84.11000061035156,99.13602447509766,174.6999969482422,158.89999389648438,66.7924575805664,19.389999389648438,4.543187141418457,8.779999732971191,75.23301696777344,28.950000762939453,0.17000000178813934,85.47152709960938,118.11000061035156,11.642000198364258,71.33999633789062,86.402587890625,32.1636962890625,30.118432998657227,27.030000686645508,57.79999923706055,44.099998474121094,14.531538009643555,103.92056274414062,3.8934295177459717,7.405329704284668,1.1200000047683716,117.72000122070312,113.37369537353516,60.205223083496094,7.022288799285889,23.860000610351562,77.34748840332031,27.82976531982422,11.149999618530273,5.840000152587891,19.36809730529785,4.199999809265137,5.150252819061279,47.47999954223633,6.099999904632568,23.64385414123535
2018-04-23,140.33494567871094,82.9800033569336,99.09991455078125,175.89999389648438,159.25,66.8671646118164,19.260000228881836,4.341002941131592,8.75,75.04898834228516,26.149999618530273,0.18000000715255737,85.87614440917969,115.86000061035156,11.684000015258789,71.08999633789062,86.12361145019531,32.1636962890625,30.090280532836914,26.68000030517578,57.56999969482422,44.369998931884766,14.409276008605957,104.60902404785156,3.9760735034942627,7.426646709442139,1.1399999856948853,117.87000274658203,113.5230712890625,60.30535125732422,6.97946834564209,24.049999237060547,77.79191589355469,27.699113845825195,11.0,5.690000057220459,19.11656379699707,4.300000190734863,5.081842422485352,47.279998779296875,5.699999809265137,23.388975143432617
2018-04-24,138.52847290039062,81.94999694824219,98.17939758300781,176.39999389648438,156.8000030517578,66.05476379394531,19.139999389648438,4.333073139190674,8.399999618530273,74.3405532836914,26.0,0.1899999976158142,85.05042266845703,114.05000305175781,11.581999778747559,70.9000015258789,85.2866439819336,32.97054672241211,29.705595016479492,26.799999237060547,57.47999954223633,43.939998626708984,14.426743507385254,104.39391326904297,4.031168460845947,7.2859578132629395,1.149999976158142,118.0,112.67347717285156,59.7318000793457,6.936651229858398,24.100000381469727,77.9551773071289,27.82976531982422,11.149999618530273,5.769999980926514,19.190183639526367,4.199999809265137,5.0329790115356445,47.43000030517578,5.5,23.014150619506836
2018-04-25,137.62985229492188,82.37999725341797,96.88886260986328,176.1999969482422,154.39999389648438,66.41893768310547,19.079999923706055,4.420290470123291,8.350000381469727,74.44178009033203,26.850000381469727,0.18000000715255737,84.07605743408203,112.83000183105469,11.484000205993652,70.16000366210938,84.69271850585938,32.640472412109375,29.461645126342773,27.31999969482422,57.540000915527344,44.16999816894531,14.356879234313965,104.66646575927734,4.049532890319824,7.337118148803711,1.1399999856948853,117.37999725341797,111.3383560180664,59.64986801147461,7.065107345581055,24.1200008392334,78.27261352539062,28.13463020324707,11.050000190734863,5.559999942779541,19.147239685058594,4.199999809265137,4.769114017486572,46.939998626708984,5.5,22.969175338745117
2018-04-26,139.64718627929688,82.5199966430664,97.5837631225586,177.6999969482422,155.39999389648438,66.44695281982422,19.239999771118164,4.4638991355896,8.600000381469727,75.19622802734375,25.799999237060547,0.1599999964237213,85.5541000366211,114.87999725341797,11.708000183105469,71.31999969482422,85.49366760253906,34.18997573852539,29.930782318115234,27.65999984741211,58.029998779296875,45.220001220703125,14.49660587310791,105.22579956054688,4.086263656616211,7.443699359893799,1.1399999856948853,119.31999969482422,113.6351318359375,59.7318000793457,7.279202461242676,24.6299991607666,78.23632049560547,28.395938873291016,11.25,5.630000114440918,19.13496971130371,4.099999904632568,4.632294654846191,49.13999938964844,5.5,22.804250717163086
2018-04-27,139.73892211914062,81.29000091552734,96.93399810791016,177.3000030517578,153.35000610351562,66.8671646118164,19.43000030517578,4.317216873168945,8.75,75.09500885009766,28.700000762939453,0.15000000596046448,85.44676208496094,114.77999877929688,11.668000221252441,71.47000122070312,85.2236557006836,31.283512115478516,29.799427032470703,27.790000915527344,58.060001373291016,44.36000061035156,14.330679893493652,105.05372619628906,3.9117956161499023,7.5119123458862305,1.149999976158142,121.18000030517578,112.14128112792969,59.886566162109375,7.107926368713379,24.639999389648438,78.15467834472656,27.699113845825195,11.449999809265137,5.429999828338623,19.05521583557129,4.099999904632568,4.642068386077881,48.97999954223633,5.599999904632568,23.448938369750977
2018-04-30,138.64768981933594,80.62999725341797,96.75348663330078,182.5,151.0500030517578,66.56835174560547,19.459999084472656,4.440112590789795,8.75,75.27902221679688,28.850000381469727,0.15000000596046448,85.09996032714844,114.3499984741211,11.562000274658203,70.86000061035156,85.46664428710938,33.33729553222656,29.921398162841797,29.170000076293945,57.900001525878906,45.0099983215332,14.156022071838379,103.96358489990234,3.985255479812622,7.533228397369385,1.149999976158142,121.29000091552734,111.55306243896484,58.475440979003906,6.97946834564209,24.729999542236328,77.8100357055664,27.873315811157227,11.199999809265137,5.269999980926514,18.877300262451172,4.099999904632568,4.671386241912842,48.93000030517578,5.900000095367432,23.57638168334961
2018-05-01,139.3079376220703,80.95999908447266,97.47547912597656,189.89999389648438,150.0,67.57682800292969,19.450000762939453,4.356860637664795,8.899999618530273,75.27902221679688,27.549999237060547,0.1599999964237213,84.86875915527344,114.9800033569336,11.04800033569336,71.62999725341797,89.68733215332031,29.862363815307617,29.846332550048828,27.940000534057617,57.880001068115234,44.79999923706055,14.348146438598633,103.99227142333984,3.9301605224609375,7.5204386711120605,1.1200000047683716,122.01000213623047,113.37369537353516,57.792625427246094,6.97946834564209,23.850000381469727,77.90982055664062,28.047529220581055,11.050000190734863,5.179999828338623,19.110429763793945,4.099999904632568,4.651841640472412,48.220001220703125,5.599999904632568,24.206090927124023
2018-05-02,138.19842529296875,81.16000366210938,96.91593933105469,190.0,147.5500030517578,71.02240753173828,18.979999542236328,4.2775726318359375,9.100000381469727,74.87419128417969,27.600000381469727,0.1599999964237213,83.95219421386719,114.54000091552734,10.758000373840332,69.02999877929688,88.63439178466797,30.256614685058594,29.71497917175293,28.56999969482422,59.15999984741211,45.02000045776367,14.409276008605957,102.16345977783203,3.9760735034942627,7.575860977172852,1.1100000143051147,120.66000366210938,110.10590362548828,56.48163604736328,7.022288799285889,23.799999237060547,76.92121887207031,28.13463020324707,12.0,5.239999771118164,17.110429763793945,4.099999904632568,4.612749099731445,48.369998931884766,5.599999904632568,22.024616241455078
2018-05-03,139.13368225097656,80.70999908447266,97.29499053955078,190.5,152.5,69.56574249267578,19.110000610351562,4.257750988006592,9.149999618530273,74.85578918457031,27.299999237060547,0.1599999964237213,83.57234954833984,114.95999908447266,10.642000198364258,68.98999786376953,89.46234130859375,30.256614685058594,30.118432998657227,29.59000015258789,59.650001525878906,45.970001220703125,14.217154502868652,101.83353424072266,3.801602840423584,7.5374908447265625,1.1299999952316284,121.19999694824219,112.84151458740234,54.8702278137207,7.022288799285889,23.68000030517578,77.25677490234375,27.916868209838867,12.300000190734863,5.21999979019165,16.62576675415039,4.099999904632568,4.573657989501953,48.150001525878906,5.400000095367432,21.222492218017578
2018-05-04,140.70172119140625,82.31999969482422,97.9808578491211,200.10000610351562,155.89999389648438,70.51819610595703,19.139999389648438,4.2696452140808105,9.350000381469727,75.60103607177734,27.600000381469727,0.15000000596046448,84.23294067382812,116.9000015258789,10.78600025177002,69.72000122070312,90.58724975585938,31.659423828125,27.81028938293457,30.399999618530273,59.869998931884766,46.0,14.374343872070312,103.2105712890625,3.87506365776062,7.528965473175049,1.1299999952316284,123.0199966430664,114.75552368164062,54.74277114868164,6.97946834564209,24.020000457763672,77.96424865722656,27.916868209838867,11.899999618530273,5.099999904632568,16.993864059448242,4.0,4.534566879272461,48.08000183105469,5.5,21.27496910095215
2018-05-07,139.65638732910156,81.73999786376953,97.87255859375,207.60000610351562,157.89999389648438,71.31190490722656,19.5,4.356860637664795,9.699999809265137,71.63558197021484,28.450000762939453,0.17000000178813934,83.69622802734375,117.94999694824219,10.918000221252441,70.41000366210938,91.98217010498047,31.659423828125,28.0073299407959,30.420000076293945,60.0099983215332,47.22999954223633,14.479138374328613,102.7156753540039,3.7924206256866455,7.435173511505127,1.1699999570846558,123.79000091552734,113.71915435791016,55.38005447387695,6.97946834564209,23.989999771118164,78.6898193359375,28.047529220581055,12.0,5.389999866485596,17.392637252807617,4.199999809265137,4.632294654846191,48.599998474121094,5.300000190734863,21.334941864013672
2018-05-08,139.32627868652344,83.05999755859375,101.25679779052734,187.1999969482422,160.10000610351562,71.51734161376953,19.299999237060547,4.325146198272705,10.949999809265137,69.51028442382812,29.549999237060547,0.1599999964237213,84.82746124267578,116.9000015258789,10.930000305175781,70.41000366210938,92.86410522460938,31.659423828125,28.420166015625,29.360000610351562,60.209999084472656,47.689998626708984,14.575201034545898,102.55790710449219,3.8934295177459717,7.384012222290039,1.1699999570846558,130.52999877929688,114.02725982666016,56.01734161376953,7.065107345581055,24.200000762939453,79.68751525878906,28.265287399291992,11.899999618530273,5.139999866485596,18.067485809326172,4.099999904632568,4.554112434387207,48.93000030517578,5.300000190734863,21.27496910095215
2018-05-09,141.78378295898438,84.33000183105469,102.77293395996094,192.3000030517578,160.75,72.54447174072266,18.780000686645508,3.865276336669922,11.75,69.03182983398438,29.450000762939453,0.1599999964237213,85.41374206542969,124.31999969482422,10.868000030517578,71.48999786376953,93.51204681396484,30.412479400634766,28.617198944091797,30.950000762939453,60.43000030517578,47.36000061035156,13.841638565063477,103.41358184814453,3.8934295177459717,7.447962284088135,1.159999966621399,133.5399932861328,114.58744049072266,56.92774200439453,6.97946834564209,24.010000228881836,80.85752868652344,28.700803756713867,11.949999809265137,5.170000076293945,18.33742332458496,4.0,4.56388521194458,49.099998474121094,5.199999809265137,21.612308502197266
2018-05-10,143.54437255859375,84.75,105.83231353759766,187.60000610351562,162.0,73.03003692626953,18.899999618530273,3.782024621963501,11.949999809265137,69.8782730102539,29.450000762939453,0.15000000596046448,86.09909057617188,128.08999633789062,10.937999725341797,72.41000366210938,94.41200256347656,30.412479400634766,29.08633804321289,32.83000183105469,60.81999969482422,47.5,13.885302543640137,104.5955810546875,3.783238172531128,7.4394378662109375,1.149999976158142,134.3699951171875,114.87688446044922,57.42848205566406,6.962342739105225,24.649999618530273,81.30194854736328,28.57015037536621,11.949999809265137,5.139999866485596,18.785276412963867,3.5999999046325684,4.56388521194458,49.15999984741211,5.199999809265137,21.987131118774414
2018-05-11,144.03956604003906,84.5199966430664,106.05794525146484,184.89999389648438,163.75,73.43153381347656,18.920000076293945,3.944563388824463,12.199999809265137,70.45795440673828,28.899999618530273,0.14000000059604645,86.37158966064453,129.72000122070312,10.9399995803833,72.79000091552734,94.39398193359375,31.19182777404785,29.245845794677734,35.2599983215332,60.349998474121094,51.83000183105469,14.068695068359375,104.52306365966797,3.7924206256866455,7.486330986022949,1.159999966621399,135.0399932861328,115.76385498046875,57.601436614990234,7.022288799285889,24.790000915527344,81.37449645996094,28.744356155395508,12.0,5.099999904632568,18.877300262451172,3.5999999046325684,4.573657989501953,49.16999816894531,5.099999904632568,22.616838455200195
2018-05-14,142.65489196777344,82.44000244140625,104.7132568359375,174.89999389648438,163.1999969482422,73.16075134277344,19.079999923706055,3.8335611820220947,11.699999809265137,69.79549407958984,29.149999618530273,0.14000000059604645,84.70360565185547,125.58999633789062,10.817999839782715,72.41999816894531,94.22301483154297,30.540843963623047,28.80485725402832,35.790000915527344,60.150001525878906,50.650001525878906,13.911502838134766,104.63909149169922,3.755690813064575,7.524702072143555,1.159999966621399,134.8000030517578,114.12995910644531,56.71834945678711,6.893832206726074,24.6200008392334,80.55821228027344,28.221736907958984,11.75,5.599999904632568,19.024539947509766,3.5999999046325684,4.573657989501953,48.72999954223633,5.199999809265137,21.64229393005371
2018-05-15,141.2794189453125,82.3499984741211,104.33422088623047,175.60000610351562,162.4499969482422,72.92732238769531,18.959999084472656,3.7899539470672607,11.75,69.42745971679688,29.049999237060547,0.15000000596046448,83.29161071777344,124.98999786376953,10.881999969482422,72.08999633789062,94.22301483154297,30.540843963623047,28.729801177978516,36.150001525878906,59.849998474121094,50.459999084472656,13.998831748962402,104.23296356201172,3.6730470657348633,7.469280242919922,1.149999976158142,135.1699981689453,113.4017105102539,56.01734161376953,6.851012229919434,24.639999389648438,80.7214584350586,28.613698959350586,11.800000190734863,5.5,18.82822036743164,4.5,4.515022277832031,48.790000915527344,5.0,21.372425079345703
2018-05-16,141.28860473632812,83.33000183105469,103.86493682861328,177.1999969482422,163.8000030517578,73.43153381347656,18.950000762939453,3.785989761352539,11.850000381469727,69.3630599975586,29.100000381469727,0.14000000059604645,83.20077514648438,123.54000091552734,10.965999603271484,72.27999877929688,94.34899139404297,32.457096099853516,28.70164680480957,36.369998931884766,60.15999984741211,50.900001525878906,14.068695068359375,104.87837219238281,3.7097771167755127,7.48206901550293,1.149999976158142,135.72999572753906,114.16729736328125,55.9718132019043,7.5789337158203125,24.6299991607666,81.71913146972656,29.136327743530273,11.699999809265137,6.820000171661377,19.05521583557129,3.700000047683716,4.56388521194458,48.560001373291016,4.800000190734863,21.40241241455078
2018-05-17,142.06800842285156,83.5,102.70977783203125,178.3000030517578,164.1999969482422,73.68367767333984,19.06999969482422,3.817704200744629,12.0,69.72187042236328,28.549999237060547,0.14000000059604645,82.49890899658203,125.62999725341797,10.98799991607666,72.5,93.43106079101562,32.457096099853516,28.48584747314453,34.77000045776367,59.84000015258789,50.810001373291016,14.173487663269043,104.78412628173828,3.7648730278015137,7.401066780090332,1.1699999570846558,133.22999572753906,114.13929748535156,55.316322326660156,7.450477123260498,24.479999542236328,78.17285919189453,29.26698112487793,11.899999618530273,7.010000228881836,19.15337371826172,3.200000047683716,4.524794578552246,48.349998474121094,5.0,21.342435836791992
2018-05-18,142.41647338867188,83.77999877929688,103.56712341308594,173.6999969482422,164.3000030517578,73.53426361083984,19.3700008392334,3.7344517707824707,11.699999809265137,69.96109771728516,27.950000762939453,0.14000000059604645,82.76313018798828,126.41000366210938,11.09000015258789,72.9800033569336,93.70104217529297,32.457096099853516,28.673500061035156,37.77000045776367,59.97999954223633,51.27000045776367,14.042494773864746,104.47954559326172,3.801602840423584,7.401066780090332,1.190000057220459,134.22999572753906,114.28868103027344,55.81704330444336,7.279202461242676,24.780000686645508,78.00959777832031,29.61539649963379,11.850000381469727,6.699999809265137,19.128833770751953,3.799999952316284,4.485703468322754,48.54999923706055,4.800000190734863,21.132537841796875
2018-05-21,143.91119384765625,85.06999969482422,104.27104187011719,174.1999969482422,165.1999969482422,74.57073211669922,19.329999923706055,3.944563388824463,11.5,69.87806701660156,28.299999237060547,0.14000000059604645,83.37417602539062,125.7300033569336,11.222000122070312,73.25,93.99801635742188,32.457096099853516,28.711029052734375,39.130001068115234,60.22999954223633,50.470001220703125,14.059961318969727,105.50202178955078,3.8291513919830322,7.413855075836182,1.1799999475479126,132.25,114.22333526611328,55.898990631103516,7.536114692687988,25.139999389648438,77.64678955078125,30.442890167236328,12.0,7.340000152587891,19.20245361328125,3.200000047683716,4.436839580535889,48.470001220703125,4.599999904632568,20.975107192993164
2018-05-22,142.43482971191406,82.68000030517578,103.16100311279297,173.1999969482422,163.1999969482422,73.75836181640625,19.290000915527344,3.7899539470672607,11.800000190734863,69.40760803222656,28.649999618530273,0.12999999523162842,82.06951904296875,123.43000030517578,11.211999893188477,71.66000366210938,93.14308166503906,32.457096099853516,28.6922664642334,37.40999984741211,60.27000045776367,50.0,13.9027681350708,105.2119369506836,3.755690813064575,7.469280242919922,1.1799999475479126,131.35000610351562,112.60321044921875,54.45144271850586,7.407657623291016,25.049999237060547,76.85770416259766,30.48644256591797,11.800000190734863,7.71999979019165,19.11656379699707,3.0999999046325684,4.515022277832031,48.869998931884766,4.800000190734863,21.08755874633789
2018-05-23,142.41647338867188,82.97000122070312,104.7132568359375,179.0,163.5,74.86022186279297,19.350000381469727,3.8058102130889893,13.649999618530273,69.8873062133789,29.049999237060547,0.12999999523162842,82.6392822265625,124.29000091552734,11.295999526977539,71.87000274658203,93.47605895996094,32.457096099853516,28.626585006713867,39.2599983215332,60.540000915527344,50.33000183105469,14.147289276123047,104.90738677978516,3.728142261505127,7.592915058135986,1.190000057220459,131.75999450683594,114.03602600097656,55.170654296875,7.390530586242676,25.350000381469727,77.0935287475586,31.749446868896484,11.800000190734863,8.010000228881836,18.858896255493164,3.5999999046325684,4.515022277832031,49.540000915527344,4.900000095367432,21.012590408325195
2018-05-24,142.67324829101562,79.73999786376953,104.91179656982422,180.6999969482422,163.25,75.18789672851562,19.170000076293945,3.944563388824463,13.300000190734863,70.04411315917969,28.799999237060547,0.12999999523162842,82.32550811767578,123.81999969482422,11.229999542236328,71.68000030517578,93.41307067871094,34.355010986328125,28.56090545654297,40.099998474121094,60.47999954223633,50.709999084472656,14.208419799804688,104.47228240966797,3.783238172531128,7.776236057281494,1.149999976158142,131.3000030517578,114.37315368652344,54.93395233154297,7.279202461242676,25.5,77.5379638671875,31.183269500732422,11.899999618530273,8.0,18.05521583557129,3.0999999046325684,4.485703468322754,50.689998626708984,4.800000190734863,21.072566986083984
2018-05-25,143.0400390625,78.27999877929688,104.60498046875,180.60000610351562,163.5,75.54366302490234,19.280000686645508,3.9287071228027344,13.5,69.90574645996094,28.850000381469727,0.14000000059604645,77.79222869873047,122.45999908447266,11.263999938964844,71.7699966430664,93.1070785522461,33.00721740722656,28.288814544677734,41.7400016784668,60.70000076293945,51.150001525878906,14.077425956726074,104.16049194335938,3.7740554809570312,7.810342311859131,1.1699999570846558,130.63999938964844,113.98919677734375,54.861114501953125,7.407657623291016,25.450000762939453,76.54027557373047,31.880111694335938,11.949999809265137,7.880000114440918,18.061349868774414,3.299999952316284,4.495475769042969,50.25,4.800000190734863,20.922636032104492
2018-05-29,140.79342651367188,77.02999877929688,103.04369354248047,179.8000030517578,163.9499969482422,75.73089599609375,19.030000686645508,3.869241237640381,13.350000381469727,68.64193725585938,28.700000762939453,0.12999999523162842,74.30764770507812,122.08000183105469,11.196000099182129,71.62999725341797,92.13514709472656,33.00721740722656,28.288814544677734,41.02000045776367,60.31999969482422,51.11000061035156,13.981365203857422,102.40563201904297,3.7097771167755127,7.673916339874268,1.149999976158142,131.0500030517578,114.28887939453125,54.4332275390625,7.236382007598877,25.56999969482422,76.8667984008789,31.13972282409668,12.100000381469727,7.849999904632568,18.11656379699707,3.299999952316284,4.456385135650635,50.29999923706055,5.099999904632568,20.80269432067871
2018-05-30,143.07669067382812,78.45999908447266,104.84861755371094,184.10000610351562,167.60000610351562,76.20838928222656,19.100000381469727,3.8773539066314697,13.800000190734863,69.8227310180664,29.299999237060547,0.14000000059604645,76.52059936523438,124.36000061035156,11.399999618530273,72.75,92.9271240234375,34.38251876831055,28.542146682739258,38.93000030517578,61.369998931884766,52.04999923706055,14.129823684692383,103.42081451416016,3.682229518890381,7.733602523803711,1.190000057220459,132.5,115.96519470214844,55.16154861450195,7.36483907699585,26.0,79.49700927734375,31.880111694335938,12.199999809265137,7.820000171661377,18.53987693786621,3.299999952316284,4.4466118812561035,51.2400016784668,5.300000190734863,20.825180053710938
2018-05-31,142.81080627441406,77.0,104.18981170654297,191.0,166.64999389648438,74.94447326660156,19.25,3.8976311683654785,13.449999809265137,69.5090560913086,29.25,0.12999999523162842,76.05819702148438,123.18000030517578,11.338000297546387,72.5999984741211,91.99116516113281,34.65757369995117,28.176223754882812,37.810001373291016,61.400001525878906,51.5,14.059961318969727,102.47086334228516,3.700594902038574,7.754920482635498,1.25,132.74000549316406,117.11707305908203,54.679046630859375,7.407657623291016,26.110000610351562,80.22260284423828,30.747753143310547,12.050000190734863,8.270000457763672,18.466257095336914,3.0999999046325684,4.495475769042969,51.13999938964844,5.400000095367432,20.37538719177246
